ID,Node1
0,Supervised learning
1,Map (mathematics)
2,Unsupervised learning
3,Feature learning
4,Reinforcement learning
5,Autonomous car
6,Supervised learning
7,Unsupervised learning
8,Cluster analysis
9,Semi-supervised learning
10,Reinforcement learning
11,Feature learning
12,Sparse dictionary learning
13,Anomaly detection
14,Association rule learning
15,Inductive logic programming
16,Artificial neural network
17,Deep learning
18,Decision tree learning
19,Support vector machines
20,Regression analysis
21,Bayesian network
22,Genetic algorithm
23,Federated learning
24,Precision agriculture
25,Computational anatomy
26,Adaptive website
27,Affective computing
28,Banking
29,Bioinformatics
30,Brain–machine interface
31,Cheminformatics
32,Citizen science
33,Network simulation
34,Computer vision
35,Credit-card fraud
36,Data quality
37,DNA sequence
38,Computational economics
39,Financial market
40,General game playing
41,Handwriting recognition
42,Information retrieval
43,Insurance
44,Internet fraud
45,Computational linguistics
46,Machine learning control
47,Machine perception
48,Machine translation
49,Marketing
50,Automated medical diagnosis
51,Natural language processing
52,Natural language understanding
53,Online advertising
54,Mathematical optimization
55,Recommender system
56,Robot locomotion
57,Search engines
58,Sentiment analysis
59,Sequence mining
60,Software engineering
61,Speech recognition
62,Structural health monitoring
63,Syntactic pattern recognition
64,Telecommunication
65,Automated theorem proving
66,Time series
67,User behavior analytics
68,Algorithmic bias
69,Caffe (software)
70,Microsoft Cognitive Toolkit
71,Deeplearning4j
72,DeepSpeed
73,ELKI
74,Infer.NET
75,Keras
76,Apache Mahout
77,Mallet (software project)
78,ML.NET
79,XGBoost
80,LightGBM
81,Mlpack
82,MXNet
83,Neural Lab
84,GNU Octave
85,OpenNN
86,Orange (software)
87,ROOT
88,Scikit-learn
89,Shogun (toolbox)
90,Apache Spark
91,Apache SystemML
92,TensorFlow
93,Torch (machine learning)
94,PyTorch
95,Weka (machine learning)
96,MOA (Massive Online Analysis)
97,Yooreeka
98,Pandas (software)
99,KNIME
100,RapidMiner
101,Amazon Machine Learning
102,Angoss
103,Azure Machine Learning
104,Ayasdi
105,IBM Watson Studio
106,Google APIs
107,SPSS Modeler
108,KXEN Inc.
109,LIONsolver
110,Mathematica
111,MATLAB
112,Neural Designer
113,NeuroSolutions
114,Oracle Data Mining
115,Oracle Cloud
116,RCASE
117,SAS (software)
118,SequenceL
119,Splunk
120,STATISTICA
121,Journal of Machine Learning Research
122,Machine Learning (journal)
123,Nature Machine Intelligence
124,Neural Computation (journal)
125,Association for Computational Linguistics
126,European Conference on Machine Learning and Principles and Practice of Knowledge Discovery in Databases
127,International Conference on Machine Learning
128,International Conference on Learning Representations
129,International Conference on Intelligent Robots and Systems
130,Conference on Knowledge Discovery and Data Mining
131,Conference on Neural Information Processing Systems
132,Automated machine learning
133,Big data
134,Bias-variance dilemma
135,Support Vector Machines
136,Linear regression
137,Logistic regression
138,Artificial neural network
139,K-nearest neighbor algorithm
140,K-nearest neighbor algorithm
141,Support Vector Machines
142,Decision tree learning
143,Linear regression
144,Logistic regression
145,K-nearest neighbor algorithm
146,Regularization (mathematics)
147,Linear regression
148,Logistic regression
149,Support Vector Machines
150,Naive Bayes classifier
151,K-nearest neighbor algorithm
152,Support Vector Machines
153,Decision tree learning
154,Artificial neural network
155,Support Vector Machines
156,Linear regression
157,Logistic regression
158,Naive Bayes classifier
159,Linear discriminant analysis
160,Decision tree learning
161,K-nearest neighbor algorithm
162,Artificial neural network
163,Multilayer perceptron
164,Similarity learning
165,Empirical risk minimization
166,Semi-supervised learning
167,Weak supervision
168,Active learning (machine learning)
169,Structured prediction
170,Learning to rank
171,Artificial neural network
172,Backpropagation
173,Boosting (meta-algorithm)
174,Bayesian statistics
175,Case-based reasoning
176,Decision tree learning
177,Inductive logic programming
178,Gaussian process regression
179,Genetic Programming
180,Group method of data handling
181,Variable kernel density estimation
182,Learning Automata
183,Learning classifier system
184,Minimum message length
185,Decision tree
186,Multilinear subspace learning
187,Naive Bayes classifier
188,Maximum entropy classifier
189,Conditional random field
190,Nearest neighbor (pattern recognition)
191,Probably approximately correct learning
192,Ripple down rules
193,Support vector machine
194,Random forest
195,Ensembles of Classifiers
196,Ordinal classification
197,Data Pre-processing
198,Statistical relational learning
199,Proaftn
200,Bioinformatics
201,Cheminformatics
202,Quantitative structure–activity relationship
203,Quantitative structure–activity relationship
204,Database marketing
205,Handwriting recognition
206,Information retrieval
207,Learning to rank
208,Learning to rank
209,Information extraction
210,Computer vision
211,Optical character recognition
212,Spamming
213,Pattern recognition
214,Speech recognition
215,Downward causation
216,Satellite imagery
217,Computational learning theory
218,Inductive bias
219,Overfitting (machine learning)
220,Class membership probabilities
221,Unsupervised learning
222,Version space
223,"Bijection, injection and surjection"
224,Homeomorphism
225,Permutation group
226,Regular map (algebraic geometry)
227,Mapping class group
228,Apply
229,Data clustering
230,Hierarchical clustering
231,K-means
232,Mixture models
233,DBSCAN
234,OPTICS algorithm
235,Hierarchical clustering
236,K-means
237,Mixture models
238,DBSCAN
239,OPTICS algorithm
240,Anomaly detection
241,Local Outlier Factor
242,Isolation Forest
243,Local Outlier Factor
244,Isolation Forest
245,Artificial neural network
246,Autoencoder
247,Deep belief network
248,Hebbian Learning
249,Generative adversarial network
250,Self-organizing map
251,Autoencoder
252,Deep belief network
253,Hebbian Learning
254,Generative adversarial network
255,Self-organizing map
256,Latent variable model
257,Expectation–maximization algorithm
258,Method of moments (statistics)
259,Blind signal separation
260,Principal component analysis
261,Independent component analysis
262,Non-negative matrix factorization
263,Singular value decomposition
264,Expectation–maximization algorithm
265,Method of moments (statistics)
266,Blind signal separation
267,Principal component analysis
268,Independent component analysis
269,Non-negative matrix factorization
270,Singular value decomposition
271,Principal component analysis
272,Independent component analysis
273,Non-negative matrix factorization
274,Singular value decomposition
275,Hierarchical clustering
276,K-means
277,Mixture models
278,DBSCAN
279,OPTICS algorithm
280,Local Outlier Factor
281,Isolation Forest
282,Autoencoder
283,Deep belief network
284,Hebbian Learning
285,Generative adversarial network
286,Self-organizing map
287,Expectation–maximization algorithm
288,Method of moments (statistics)
289,Blind signal separation
290,Principal component analysis
291,Independent component analysis
292,Non-negative matrix factorization
293,Singular value decomposition
294,Principal component analysis
295,Independent component analysis
296,Non-negative matrix factorization
297,Singular value decomposition
298,Principal component analysis
299,Independent component analysis
300,Non-negative matrix factorization
301,Singular value decomposition
302,Automated machine learning
303,Cluster analysis
304,Anomaly detection
305,Expectation–maximization algorithm
306,Generative topographic map
307,Meta-learning (computer science)
308,Multivariate analysis
309,Radial basis function network
310,Weak supervision
311,Automated machine learning
312,Basis function
313,Deep learning
314,Feature detection (computer vision)
315,Feature extraction
316,Kernel trick
317,Vector quantization
318,Closed-form expression
319,Simulation-based optimization
320,Value function
321,Temporal difference learning
322,Partially observable Markov decision process
323,Predictive state representation
324,Transfer learning
325,Monte Carlo tree search
326,Intrinsic motivation (artificial intelligence)
327,Cognitive modeling
328,Computational psychology
329,Dopamine
330,Dopaminergic
331,Substantia nigra
332,Basal ganglia
333,Temporal difference learning
334,Q-learning
335,State–action–reward–state–action
336,Fictitious play
337,Learning classifier system
338,Optimal control
339,Dynamic treatment regimes
340,Error-driven learning
341,Multi-agent system
342,Distributed artificial intelligence
343,Intrinsic motivation (artificial intelligence)
344,Genetic algorithm
345,Apprenticeship learning
346,Cruise control
347,Adaptive Cruise Control
348,Automatic Parking
349,Lane departure warning system
350,Automatic emergency braking
351,Lane centering
352,Geo-fence
353,Hybrid navigation
354,Vehicular communication systems
355,Caribou
356,Deer
357,Elk
358,Kangaroo
359,Machine ethics
360,Digital privacy
361,Mass surveillance
362,Deskilling
363,Hacking (computing)
364,Malware
365,Conglomerate (company)
366,Lobbying
367,Legal liability
368,Autonomous truck
369,Online food ordering
370,Tesla Autopilot
371,Uber
372,Self-driving car liability
373,VW Beetle
374,Dudu (car) (page does not exist)
375,Superbug (film series)
376,Disney
377,Herbie
378,Anthropomorphic
379,Batman (1989 film)
380,Michael Keaton
381,Batmobile
382,Batman
383,Batman Returns
384,Penguin (character)
385,The Batman
386,Total Recall (1990 film)
387,Arnold Schwarzenegger
388,Taxicab
389,Android (robot)
390,Knight Rider 2000
391,KITT
392,Jurassic Park
393,Demolition Man (film)
394,Sylvester Stallone
395,Timecop
396,Jean-Claude Van Damme
397,Inspector Gadget (film)
398,Inspector Gadget 2
399,The 6th Day
400,Michael Rapaport
401,Minority Report (film)
402,Police custody
403,The Incredibles
404,Incredibles 2
405,"I, Robot (film)"
406,Chicago
407,Eagle Eye (2008 film)
408,Shia LaBeouf
409,Michelle Monaghan
410,Porsche Cayenne
411,Nick Fury (Marvel Cinematic Universe)
412,Hot Tub Time Machine 2
413,Geostorm
414,Logan (film)
415,Blade Runner 2049
416,LAPD
417,Replicant
418,Flying car
419,Upgrade (film)
420,Child's Play (2019 film)
421,Chucky (character)
422,Spies in Disguise
423,Isaac Asimov
424,Sally (short story)
425,Positronic brain
426,Peter F. Hamilton
427,Commonwealth Saga
428,Robert A Heinlein
429,The Number of the Beast (novel)
430,Edizioni Piemme
431,Geronimo Stilton
432,Alastair Reynolds
433,Revelation Space
434,Daniel Suarez (author)
435,Daemon (novel series)
436,Freedom™
437,Open-source warfare
438,3D printers
439,Distributed manufacturing
440,Swarm robotics
441,Nissan Fairlady Z
442,BMW M3
443,Cadillac CTS-V
444,BMW 7 Series
445,Handicar
446,South Park
447,Wacky Races (1968 TV series)
448,KITT
449,KARR (Knight Rider)
450,Pontiac Trans Am
451,Knight Rider (1982 TV series)
452,Ford Mustang (fifth generation)
453,Knight Rider (2008 TV series)
454,NCIS (season 4)
455,Viper (TV series)
456,Dodge Viper
457,Dodge Viper GTS
458,Blaze and the Monster Machines
459,Black Mirror
460,Hated in the Nation
461,Mickey Mouse Mixed-Up Adventures
462,SpongeBob SquarePants
463,Stroker and Hoop
464,Lab Rats (American TV series)
465,Team Knight Rider
466,House of Mouse
467,Mickey Mouse Works
468,Kim Possible
469,The Penguins of Madagascar
470,Automated guideway transit
471,Automatic train operation
472,Automobile safety
473,Automotive navigation system
474,Autopilot
475,Advanced Driver Assistance Systems
476,Connected car
477,DARPA Grand Challenge
478,DARPA Grand Challenge (2004)
479,DARPA Grand Challenge (2007)
480,DARPA Robotics Challenge
481,Dutch Automated Vehicle Initiative
482,Death by GPS
483,Driverless tractor
484,Hybrid navigation
485,Intelligent transportation system
486,Mobility as a service (transport)
487,Personal rapid transit
488,Platoon (automobile)
489,Retrofitting
490,Technological unemployment
491,Unmanned ground vehicle
492,Unmanned aerial vehicle
493,Vehicle infrastructure integration
494,Vision processing unit
495,Assured Clear Distance Ahead
496,Electronic stability control
497,Precrash system
498,Hierarchical clustering
499,K-means algorithm
500,Multivariate normal distribution
501,Expectation-maximization algorithm
502,DBSCAN
503,OPTICS
504,Biclustering
505,Clique (graph theory)
506,Graph (discrete mathematics)
507,HCS clustering algorithm
508,Path (graph theory)
509,Signed graph
510,Sign (mathematics)
511,Balance theory
512,Cycle (graph theory)
513,Unsupervised learning
514,Neural network
515,Self-organizing map
516,Principal Component Analysis
517,Independent Component Analysis
518,Fuzzy clustering
519,Anomaly detection
520,Subspace clustering
521,Hierarchical clustering
522,K-means clustering
523,DBSCAN
524,DBSCAN
525,OPTICS algorithm
526,Determining the number of clusters in a data set
527,Davies–Bouldin index
528,Dunn index
529,Silhouette (clustering)
530,Rand index
531,F-measure
532,Jaccard coefficient
533,Sørensen–Dice coefficient
534,Fowlkes–Mallows Index
535,Mutual information
536,Information theory
537,Adjusted mutual information
538,Confusion matrix
539,Hopkins statistic
540,Distance matrices in phylogeny
541,Automatic Clustering Algorithms
542,Balanced clustering
543,Clustering high-dimensional data
544,Conceptual clustering
545,Consensus clustering
546,Constrained clustering
547,Community structure
548,Data stream clustering
549,HCS clustering algorithm
550,Sequence clustering
551,Spectral clustering
552,PU learning
553,Weak supervision
554,K-SVD
555,Stochastic gradient descent
556,Sparse approximation
557,Sparse PCA
558,Matrix factorization
559,K-SVD
560,Sparse coding
561,SimCO (page does not exist)
562,K-nearest neighbor algorithm
563,Local outlier factor
564,Isolation forest
565,Support vector machines
566,Neural network
567,Autoencoder
568,Long short-term memory
569,Bayesian network
570,Hidden Markov model
571,Cluster analysis
572,Association rule learning
573,Ensemble learning
574,Random subspace method
575,ELKI
576,Scikit-learn
577,Ludwig-Maximilians-Universität München
578,University of São Paulo
579,Change detection
580,Statistical process control
581,Novelty detection
582,Hierarchical temporal memory
583,Apriori algorithm
584,Sequence mining
585,Production system (computer science)
586,Learning classifier system
587,Rule-based machine learning
588,Clause normal form
589,Anti-unification (computer science)
590,First Order Inductive Learner
591,Golem (ILP)
592,PROGOL
593,Commonsense reasoning
594,Formal concept analysis
595,Inductive reasoning
596,Inductive programming
597,Inductive probability
598,Statistical relational learning
599,Version space learning
600,Hyperparameter (machine learning)
601,Mathematical optimization
602,Estimation theory
603,Machine learning
604,Backpropagation
605,Reinforcement learning
606,Stochastic control
607,Hyperparameter
608,Function approximation
609,Regression analysis
610,Time series
611,Fitness approximation
612,Statistical classification
613,Pattern recognition
614,Novelty detection
615,Data processing
616,Blind source separation
617,Robotics
618,Prosthesis
619,Large width limits of neural networks
620,Hierarchical temporal memory
621,20Q
622,ADALINE
623,Adaptive resonance theory
624,Artificial life
625,Associative Memory Base
626,Autoencoder
627,BEAM robotics
628,Biological cybernetics
629,Biologically inspired computing
630,Blue Brain Project
631,Catastrophic interference
632,Cerebellar Model Articulation Controller
633,Cognitive architecture
634,Cognitive science
635,Convolutional neural network
636,Connectionist expert system
637,Connectomics
638,Cultured neuronal networks
639,Deep learning
640,Encog
641,Fuzzy logic
642,Gene expression programming
643,Genetic algorithm
644,Genetic programming
645,Group method of data handling
646,Habituation
647,In Situ Adaptive Tabulation
648,Models of neural computation
649,Neuroevolution
650,Neural coding
651,Neural gas
652,Neural machine translation
653,Neural network software
654,Neuroscience
655,Nonlinear system identification
656,Optical neural network
657,Parallel Constraint Satisfaction Processes
658,Parallel distributed processing
659,Radial basis function network
660,Recurrent neural networks
661,Self-organizing map
662,Spiking neural network
663,Systolic array
664,Tensor product network
665,Time delay neural network
666,Artificial neural network
667,Speech recognition
668,Multi-task learning
669,Inductive transfer
670,Convolutional neural network
671,Domain knowledge
672,Recurrent neural network
673,Computer vision
674,Natural language processing
675,Drug discovery
676,Toxicology
677,Customer relationship management
678,Recommender system
679,Bioinformatics
680,Explainable AI
681,Applications of artificial intelligence
682,Comparison of deep learning software
683,Compressed sensing
684,Echo state network
685,Liquid state machine
686,Reservoir computing
687,Sparse coding
688,Classification tree
689,Gradient boosted trees
690,AdaBoost
691,Bootstrap aggregating
692,Random forest
693,Bootstrap aggregating
694,Random forest
695,Bootstrap aggregating
696,Principal component analysis
697,Random forest
698,Bootstrap aggregating
699,ID3 algorithm
700,C4.5 algorithm
701,Predictive analytics
702,Chi-square automatic interaction detection
703,Multivariate adaptive regression splines
704,Gini coefficient
705,Information gain in decision trees
706,Categorical variable
707,Dummy variable (statistics)
708,White box (software engineering)
709,Black box
710,Artificial neural network
711,Feature selection
712,Boolean function
713,Exclusive or
714,"Training, test, and validation sets"
715,NP-complete
716,Greedy algorithm
717,Overfitting
718,Pruning (decision trees)
719,Information gain in decision trees
720,SPSS Modeler
721,RapidMiner
722,SAS (software)
723,Matlab
724,R (programming language)
725,Weka (machine learning)
726,Orange (software)
727,KNIME
728,Microsoft SQL Server
729,Scikit-learn
730,Python (programming language)
731,Decision-tree pruning
732,Binary decision diagram
733,CHAID
734,Predictive analytics
735,ID3 algorithm
736,C4.5 algorithm
737,Decision stump
738,AdaBoost
739,Decision list
740,Incremental decision tree
741,Alternating decision tree
742,Structured data analysis (statistics)
743,Logistic model tree
744,Hierarchical clustering
745,Text categorization
746,Transduction (machine learning)
747,Shallow semantic parsing
748,Image classification
749,Image segmentation
750,Synthetic-aperture radar
751,Handwriting recognition
752,Permutation test
753,Homogeneous polynomial
754,Polynomial kernel
755,Radial basis function kernel
756,Hyperbolic function
757,Class membership probabilities
758,Directed acyclic graph
759,Error correcting code
760,In situ adaptive tabulation
761,Kernel machines
762,Fisher kernel
763,Platt scaling
764,Polynomial kernel
765,Predictive analytics
766,Regularization perspectives on support-vector machines
767,Relevance vector machine
768,Sequential minimal optimization
769,Space mapping
770,Winnow (algorithm)
771,Scalar (physics)
772,Euclidean vector
773,Homoscedasticity
774,Uncorrelated
775,Covariance matrix
776,Diagonal matrix
777,Linear least squares (mathematics)
778,Linear regression
779,Regression diagnostics
780,Bayesian method
781,Bayesian linear regression
782,Least absolute deviations
783,Quantile regression
784,Nonparametric regression
785,Scenario optimization
786,Interval predictor model
787,Just another Gibbs sampler
788,OpenBUGS
789,SPSS Modeler
790,Stan (software)
791,PyMC3
792,WinBUGS
793,Selection (genetic algorithm)
794,Crossover (genetic algorithm)
795,Mutation (genetic algorithm)
796,Fitness function
797,Fitness function
798,Fitness approximation
799,Fitness approximation
800,Local optimum
801,Global optimum
802,Fitness landscape
803,No free lunch in search and optimization
804,Genetic programming
805,Evolution strategy
806,Evolutionary programming
807,Evolution strategy
808,Evolutionary programming
809,Decision problem
810,Evolution strategy
811,Evolutionary programming
812,Simulated annealing
813,Gaussian adaptation
814,Hill climbing
815,Swarm intelligence
816,Ant colony optimization
817,Particle swarm optimization
818,Integer linear programming
819,Genetic representation
820,Evolutionary algorithms
821,Evolutionary computing
822,Metaheuristic
823,Stochastic optimization
824,Optimization (mathematics)
825,Evolutionary algorithm
826,Evolution strategy
827,CMA-ES
828,Evolutionary programming
829,Estimation of Distribution Algorithm
830,Gene expression programming
831,Genetic programming
832,John Koza
833,Tree (data structure)
834,Data structure
835,Grouping genetic algorithm (page does not exist)
836,Emanuel Falkenauer (page does not exist)
837,Bin packing problem
838,Cluster analysis
839,Interactive evolutionary algorithm
840,Swarm intelligence
841,Ant colony optimization
842,Estimation of distribution algorithm
843,Particle swarm optimization
844,Electimize algorithm (page does not exist)
845,Memetic algorithm
846,Meme
847,Bacteriologic algorithm (page does not exist)
848,Evolutionary ecology
849,Cultural algorithm
850,Differential evolution
851,Gaussian adaptation
852,Average information
853,Mean fitness
854,Simulated annealing
855,Tabu search
856,Extremal optimization
857,Local search (optimization)
858,Cross-entropy method
859,Reinforcement learning
860,Active learning (machine learning)
861,Neural networks
862,Metaheuristics
863,Genetic programming
864,Particle filter
865,Propagation of schema
866,Universal Darwinism
867,Metaheuristics
868,Learning classifier system
869,Rule-based machine learning
870,Natural language processing
871,Batch normalization
872,Interoperability
873,Backdoor (computing)
874,Ethics of artificial intelligence
875,Comparison of deep learning software
876,Comparison of deep learning software
877,ML.NET
878,Open Neural Network Exchange
879,Cluster analysis
880,K-means clustering
881,K-medians clustering
882,K-medoids
883,Expectation-maximization algorithm
884,Hierarchical clustering
885,Single-linkage clustering
886,DBSCAN
887,OPTICS algorithm
888,Mean shift
889,BIRCH
890,SUBCLU
891,Canopy clustering algorithm
892,K-means clustering
893,K-medians clustering
894,K-medoids
895,Expectation-maximization algorithm
896,Hierarchical clustering
897,Single-linkage clustering
898,DBSCAN
899,OPTICS algorithm
900,Mean shift
901,BIRCH
902,SUBCLU
903,Canopy clustering algorithm
904,Anomaly detection
905,K-nearest neighbors algorithm
906,Local Outlier Factor
907,OPTICS algorithm
908,Expectation-maximization algorithm
909,K-nearest neighbors algorithm
910,Local Outlier Factor
911,OPTICS algorithm
912,Expectation-maximization algorithm
913,Association rule learning
914,Apriori algorithm
915,Apriori algorithm
916,Dimensionality reduction
917,Principal component analysis
918,Multidimensional scaling
919,T-distributed stochastic neighbor embedding
920,Principal component analysis
921,Multidimensional scaling
922,T-distributed stochastic neighbor embedding
923,Spatial index
924,R-tree
925,R*-tree
926,M-tree
927,K-d tree
928,X-tree
929,Locality sensitive hashing
930,R-tree
931,R*-tree
932,M-tree
933,K-d tree
934,X-tree
935,Locality sensitive hashing
936,Precision and recall
937,F1 score
938,Receiver operating characteristic
939,Discounted cumulative gain
940,Silhouette (clustering)
941,Davies–Bouldin index
942,Dunn index
943,Precision and recall
944,F1 score
945,Receiver operating characteristic
946,Discounted cumulative gain
947,Silhouette (clustering)
948,Davies–Bouldin index
949,Dunn index
950,Scatter plot
951,Histogram
952,Parallel coordinates
953,OpenGL
954,Scatter plot
955,Histogram
956,Parallel coordinates
957,OpenGL
958,Probability distribution
959,Estimation theory
960,Median absolute deviation
961,L-moment
962,Dynamic time warping
963,Change detection
964,Intrinsic dimension
965,Probability distribution
966,Estimation theory
967,Median absolute deviation
968,L-moment
969,Dynamic time warping
970,Change detection
971,Intrinsic dimension
972,K-means clustering
973,K-medians clustering
974,K-medoids
975,Expectation-maximization algorithm
976,Hierarchical clustering
977,Single-linkage clustering
978,DBSCAN
979,OPTICS algorithm
980,Mean shift
981,BIRCH
982,SUBCLU
983,Canopy clustering algorithm
984,K-nearest neighbors algorithm
985,Local Outlier Factor
986,OPTICS algorithm
987,Expectation-maximization algorithm
988,Apriori algorithm
989,Principal component analysis
990,Multidimensional scaling
991,T-distributed stochastic neighbor embedding
992,R-tree
993,R*-tree
994,M-tree
995,K-d tree
996,X-tree
997,Locality sensitive hashing
998,Precision and recall
999,F1 score
1000,Receiver operating characteristic
1001,Discounted cumulative gain
1002,Silhouette (clustering)
1003,Davies–Bouldin index
1004,Dunn index
1005,Scatter plot
1006,Histogram
1007,Parallel coordinates
1008,OpenGL
1009,Probability distribution
1010,Estimation theory
1011,Median absolute deviation
1012,L-moment
1013,Dynamic time warping
1014,Change detection
1015,Intrinsic dimension
1016,Scikit-learn
1017,Weka (machine learning)
1018,Classification (machine learning)
1019,RapidMiner
1020,KNIME
1021,Data mining
1022,Comparison of statistical packages
1023,Comparison of deep-learning software
1024,Edit this at Wikidata
1025,Apache Accumulo
1026,Apache ActiveMQ
1027,Apache Airflow
1028,Apache Ambari
1029,Apache Ant
1030,Apache Aries
1031,Apache HTTP Server
1032,Apache Portable Runtime
1033,Apache Avro
1034,Apache Axis
1035,Apache Axis2
1036,Apache Beam
1037,Apache Bloodhound
1038,Apache Brooklyn
1039,Apache Buildr
1040,Apache Calcite
1041,Apache Camel
1042,Apache CarbonData
1043,Apache Cassandra
1044,Apache Cayenne
1045,Apache Chemistry
1046,Apache CloudStack
1047,Apache Cocoon
1048,Apache Cordova
1049,Apache CouchDB
1050,Apache cTAKES
1051,Apache CXF
1052,Apache Derby
1053,Apache Directory
1054,Apache Drill
1055,Apache Druid
1056,Apache Empire-db
1057,Apache Felix
1058,Apache Flex
1059,Apache Flink
1060,Apache Flume
1061,Apache Geronimo
1062,Apache Giraph
1063,Apache Gump
1064,Apache Hadoop
1065,Apache HBase
1066,Apache Helix
1067,Apache Hive
1068,Apache Impala
1069,Apache Jackrabbit
1070,Apache James
1071,Apache Jena
1072,Jini
1073,Apache JMeter
1074,Apache Kafka
1075,Apache Karaf
1076,Apache Kudu
1077,Apache Kylin
1078,Apache Lucene
1079,Apache Marmotta
1080,Apache Maven
1081,Apache MINA
1082,Mod perl
1083,Apache MyFaces
1084,NetBeans
1085,Apache Nutch
1086,Apache OFBiz
1087,Apache Oozie
1088,Apache OpenEJB
1089,Apache OpenJPA
1090,Apache OpenNLP
1091,Apache OpenOffice
1092,Apache ORC
1093,Apache PDFBox
1094,Apache Parquet
1095,Apache Phoenix
1096,Apache POI
1097,Apache Pig
1098,Apache Pivot
1099,Apache Qpid
1100,Apache Roller
1101,Apache RocketMQ
1102,Apache Samza
1103,Apache ServiceMix
1104,Apache Shiro
1105,Apache SINGA
1106,Apache Sling
1107,Apache Solr
1108,Apache Spark
1109,Apache Storm
1110,Apache SpamAssassin
1111,Sqoop
1112,Apache Struts 1
1113,Apache Struts 2
1114,Apache Subversion
1115,Apache SystemML
1116,Apache Tapestry
1117,Apache Thrift
1118,Apache Tika
1119,Apache Tomcat
1120,Apache Trafodion
1121,Apache Traffic Server
1122,UIMA
1123,Apache Velocity
1124,Apache Wicket
1125,Apache Xalan
1126,Apache Xerces
1127,Apache XMLBeans
1128,Apache Yetus
1129,Apache ZooKeeper
1130,Byte Code Engineering Library
1131,Bean Scripting Framework
1132,Commons Daemon
1133,Apache Jelly
1134,Apache Commons Logging
1135,Apache Iceberg (page does not exist)
1136,Apache MXNet
1137,NuttX
1138,Apache Superset
1139,Apache Taverna
1140,Apache XAP
1141,Apache Batik
1142,Chainsaw (log file viewer)
1143,Apache FOP (Formatting Objects Processor)
1144,Apache Ivy
1145,Log4j
1146,Apache Abdera
1147,Apache Apex
1148,AxKit
1149,Apache Beehive
1150,BlueSky Open Platform
1151,Apache iBATIS
1152,Apache C++ Standard Library
1153,Jakarta Cactus
1154,Apache Click
1155,Apache Continuum
1156,Deltacloud
1157,Etch (protocol)
1158,Apache Excalibur
1159,Apache Forrest
1160,Apache Hama
1161,Apache Harmony
1162,Apache HiveMind
1163,Jakarta Project
1164,Apache Lenya
1165,Apache ODE
1166,Apache Shale
1167,Apache Shindig
1168,Jakarta Slide
1169,Apache Stanbol
1170,Apache Tuscany
1171,Apache Wave
1172,Apache Wink
1173,Apache License
1174,Infer.NET
1175,Newton's method in optimization
1176,Randomization
1177,Distributed computing
1178,Out-of-core
1179,John Chambers (statistician)
1180,LightGBM
1181,Machine learning
1182,ML.NET
1183,Data binning
1184,Gradient boosting
1185,XGBoost
1186,Scikit-learn
1187,Collaborative Filtering
1188,Decision stump
1189,Density Estimation
1190,Euclidean Minimum Spanning Tree
1191,Mixture models
1192,Hidden Markov Models
1193,Kernel density estimation
1194,Kernel principal component analysis
1195,K-means clustering
1196,Least-angle regression
1197,Linear Regression
1198,Locality-Sensitive Hashing
1199,Logistic regression
1200,Naive Bayes classifier
1201,Nearest neighbor search
1202,Neighbourhood components analysis
1203,Non-negative matrix factorization
1204,Principal Components Analysis
1205,Independent component analysis
1206,Nearest neighbor search
1207,Linear Regression
1208,Tikhonov regularization
1209,Sparse coding
1210,Sparse dictionary learning
1211,Comparison of deep learning software
1212,Differentiable programming
1213,Artificial neural network
1214,Neural network software
1215,C++
1216,C++ standard library
1217,Interpreter (computing)
1218,OpenGL
1219,Gnuplot
1220,Graphical User Interface
1221,Command Line Interface
1222,Increment and decrement operators
1223,Feature selection
1224,Supervised learning
1225,Unsupervised learning
1226,Cluster analysis
1227,Association rule learning
1228,Gene set enrichment
1229,Data fusion
1230,K-means clustering
1231,Polynomial regression
1232,Stochastic gradient descent
1233,Geospatial analysis
1234,ImageNet
1235,Word embedding
1236,Network theory
1237,Natural language processing
1238,Text mining
1239,Time series
1240,Hyperspectral imaging
1241,Feature selection
1242,Supervised learning
1243,Unsupervised learning
1244,Cluster analysis
1245,Association rule learning
1246,Gene set enrichment
1247,Data fusion
1248,K-means clustering
1249,Polynomial regression
1250,Stochastic gradient descent
1251,Geospatial analysis
1252,ImageNet
1253,Word embedding
1254,Network theory
1255,Natural language processing
1256,Text mining
1257,Time series
1258,Hyperspectral imaging
1259,Association rule learning
1260,Gene set enrichment
1261,Data fusion
1262,K-means clustering
1263,Polynomial regression
1264,Stochastic gradient descent
1265,Geospatial analysis
1266,ImageNet
1267,Word embedding
1268,Network theory
1269,Natural language processing
1270,Text mining
1271,Time series
1272,Hyperspectral imaging
1273,Feature selection
1274,Supervised learning
1275,Unsupervised learning
1276,Cluster analysis
1277,Association rule learning
1278,Gene set enrichment
1279,Data fusion
1280,K-means clustering
1281,Polynomial regression
1282,Stochastic gradient descent
1283,Geospatial analysis
1284,ImageNet
1285,Word embedding
1286,Network theory
1287,Natural language processing
1288,Text mining
1289,Time series
1290,Hyperspectral imaging
1291,Association rule learning
1292,Gene set enrichment
1293,Data fusion
1294,K-means clustering
1295,Polynomial regression
1296,Stochastic gradient descent
1297,Geospatial analysis
1298,ImageNet
1299,Word embedding
1300,Network theory
1301,Natural language processing
1302,Text mining
1303,Time series
1304,Hyperspectral imaging
1305,Association rule learning
1306,Gene set enrichment
1307,Data fusion
1308,K-means clustering
1309,Polynomial regression
1310,Stochastic gradient descent
1311,Geospatial analysis
1312,ImageNet
1313,Word embedding
1314,Network theory
1315,Natural language processing
1316,Text mining
1317,Time series
1318,Hyperspectral imaging
1319,University of Ljubljana
1320,Jožef Stefan Institute
1321,C++
1322,Python (programming language)
1323,PWM (window manager)
1324,Qt (software)
1325,PyQt
1326,Bioinformatics
1327,MacOS
1328,Fink (software)
1329,Histogram
1330,Graph of a function
1331,Distribution (mathematics)
1332,Function (mathematics)
1333,Curve fitting
1334,Functional (mathematics)
1335,Statistics
1336,Data analysis
1337,Matrix (mathematics)
1338,Four-vector
1339,High energy physics
1340,Function (mathematics)
1341,Multivariate analysis
1342,Neural networks
1343,Astronomical
1344,Grid computing
1345,Distributed computing
1346,Data analysis
1347,Persistence (computer science)
1348,Serialization
1349,Databases
1350,3D computer graphics
1351,Visualization (graphic)
1352,PDF
1353,PostScript
1354,Portable Network Graphics
1355,Scalable Vector Graphics
1356,LaTeX
1357,Python (programming language)
1358,Ruby programming language
1359,Monte Carlo method
1360,Event generator
1361,A Large Ion Collider Experiment
1362,ATLAS experiment
1363,BaBar experiment
1364,Belle Experiment
1365,Belle II experiment
1366,BES III
1367,Compact Muon Solenoid
1368,COMPASS experiment
1369,CUORE
1370,D0 experiment
1371,GlueX
1372,GRAPES-3
1373,LHCb
1374,MINERνA
1375,MINOS
1376,NA61 experiment
1377,NOνA
1378,OPERA experiment
1379,PHENIX detector
1380,Relativistic Heavy Ion Collider
1381,SNO+
1382,STAR detector
1383,T2K experiment
1384,A Large Ion Collider Experiment
1385,ATLAS experiment
1386,BaBar experiment
1387,Belle Experiment
1388,Belle II experiment
1389,BES III
1390,Compact Muon Solenoid
1391,COMPASS experiment
1392,CUORE
1393,D0 experiment
1394,GlueX
1395,GRAPES-3
1396,LHCb
1397,MINERνA
1398,MINOS
1399,NA61 experiment
1400,NOνA
1401,OPERA experiment
1402,PHENIX detector
1403,Relativistic Heavy Ion Collider
1404,SNO+
1405,STAR detector
1406,T2K experiment
1407,Mu2e
1408,PANDA experiment
1409,Deep Underground Neutrino Experiment
1410,Hyper-Kamiokande
1411,Mu2e
1412,PANDA experiment
1413,Deep Underground Neutrino Experiment
1414,Hyper-Kamiokande
1415,X-ray astronomy
1416,Gamma ray astronomy
1417,Astroparticle physics
1418,AGILE (satellite)
1419,Alpha Magnetic Spectrometer
1420,Antarctic Impulse Transient Antenna
1421,ANTARES (telescope)
1422,Cryogenic Rare Event Search with Superconducting Thermometers
1423,Dark Matter Time Projection Chamber
1424,DEAP
1425,Cryogenic Low-Energy Astrophysics with Neon
1426,Fermi Gamma-ray Space Telescope
1427,IceCube Neutrino Detector
1428,High Altitude Water Cherenkov Experiment
1429,High Energy Stereoscopic System
1430,Hitomi (satellite)
1431,MAGIC (telescope)
1432,Milagro (experiment)
1433,Pierre Auger Observatory
1434,VERITAS
1435,Payload for Antimatter Matter Exploration and Light-nuclei Astrophysics
1436,PoGOLite
1437,AGILE (satellite)
1438,Alpha Magnetic Spectrometer
1439,Antarctic Impulse Transient Antenna
1440,ANTARES (telescope)
1441,Cryogenic Rare Event Search with Superconducting Thermometers
1442,Dark Matter Time Projection Chamber
1443,DEAP
1444,Cryogenic Low-Energy Astrophysics with Neon
1445,Fermi Gamma-ray Space Telescope
1446,IceCube Neutrino Detector
1447,High Altitude Water Cherenkov Experiment
1448,High Energy Stereoscopic System
1449,Hitomi (satellite)
1450,MAGIC (telescope)
1451,Milagro (experiment)
1452,Pierre Auger Observatory
1453,VERITAS
1454,Payload for Antimatter Matter Exploration and Light-nuclei Astrophysics
1455,PoGOLite
1456,A Large Ion Collider Experiment
1457,ATLAS experiment
1458,BaBar experiment
1459,Belle Experiment
1460,Belle II experiment
1461,BES III
1462,Compact Muon Solenoid
1463,COMPASS experiment
1464,CUORE
1465,D0 experiment
1466,GlueX
1467,GRAPES-3
1468,LHCb
1469,MINERνA
1470,MINOS
1471,NA61 experiment
1472,NOνA
1473,OPERA experiment
1474,PHENIX detector
1475,Relativistic Heavy Ion Collider
1476,SNO+
1477,STAR detector
1478,T2K experiment
1479,Mu2e
1480,PANDA experiment
1481,Deep Underground Neutrino Experiment
1482,Hyper-Kamiokande
1483,AGILE (satellite)
1484,Alpha Magnetic Spectrometer
1485,Antarctic Impulse Transient Antenna
1486,ANTARES (telescope)
1487,Cryogenic Rare Event Search with Superconducting Thermometers
1488,Dark Matter Time Projection Chamber
1489,DEAP
1490,Cryogenic Low-Energy Astrophysics with Neon
1491,Fermi Gamma-ray Space Telescope
1492,IceCube Neutrino Detector
1493,High Altitude Water Cherenkov Experiment
1494,High Energy Stereoscopic System
1495,Hitomi (satellite)
1496,MAGIC (telescope)
1497,Milagro (experiment)
1498,Pierre Auger Observatory
1499,VERITAS
1500,Payload for Antimatter Matter Exploration and Light-nuclei Astrophysics
1501,PoGOLite
